<NewDataSet>
  <xs:schema id="NewDataSet" xmlns="" xmlns:xs="http://www.w3.org/2001/XMLSchema" xmlns:msdata="urn:schemas-microsoft-com:xml-msdata" xmlns:msprop="urn:schemas-microsoft-com:xml-msprop">
    <xs:element name="NewDataSet" msdata:IsDataSet="true" msdata:UseCurrentLocale="true" msdata:IsReadOnly="False">
      <xs:complexType>
        <xs:choice minOccurs="0" maxOccurs="unbounded">
          <xs:element name="CMS_UserSettings" msprop:IsFromCMSDatabase="True">
            <xs:complexType>
              <xs:sequence>
                <xs:element name="UserSettingsID" type="xs:int" minOccurs="0" />
                <xs:element name="UserNickName" type="xs:string" minOccurs="0" />
                <xs:element name="UserSignature" type="xs:string" minOccurs="0" />
                <xs:element name="UserMessagingNotificationEmail" type="xs:string" minOccurs="0" />
                <xs:element name="UserAvatarID" type="xs:int" minOccurs="0" />
                <xs:element name="UserSettingsUserGUID" msdata:DataType="System.Guid, mscorlib, Version=4.0.0.0, Culture=neutral, PublicKeyToken=b77a5c561934e089" type="xs:string" minOccurs="0" />
                <xs:element name="UserSettingsUserID" type="xs:int" minOccurs="0" />
                <xs:element name="UserLogActivities" type="xs:boolean" minOccurs="0" />
              </xs:sequence>
            </xs:complexType>
          </xs:element>
        </xs:choice>
      </xs:complexType>
    </xs:element>
  </xs:schema>
  <CMS_UserSettings>
    <UserSettingsID>1</UserSettingsID>
    <UserNickName />
    <UserSignature />
    <UserMessagingNotificationEmail />
    <UserSettingsUserGUID>6415b8ce-8072-4bcd-8e48-9d7178b826b7</UserSettingsUserGUID>
    <UserSettingsUserID>53</UserSettingsUserID>
    <UserLogActivities>false</UserLogActivities>
  </CMS_UserSettings>
  <CMS_UserSettings>
    <UserSettingsID>144</UserSettingsID>
    <UserNickName />
    <UserSignature />
    <UserMessagingNotificationEmail />
    <UserSettingsUserGUID>3758b9b5-045c-4b7d-b020-80f9b068d990</UserSettingsUserGUID>
    <UserSettingsUserID>65</UserSettingsUserID>
    <UserLogActivities>true</UserLogActivities>
  </CMS_UserSettings>
</NewDataSet>